ID;datum_dokumentu_nebo_zmeny;autor;adresat;nazev;cesta;pravni_okruh;dokazovana_skutecnost;typ;velikost;poznamka_advokata;nutno_doplnit
D001;2025-11-27 11:32;;;2025-11-25 08.03.58-hotovostni-fond-oprav.jpg;fotky/2025-11-25 08.03.58-hotovostni-fond-oprav.jpg;FOND_OPRAV;;.jpg;1768373;;popsat kdo/kdy/kde/co dokazuje
D002;2025-12-04 14:31;;;2025-12-04 14.30.32 - sms-hodek-planyBytu-ostatni.png;fotky/2025-12-04 14.30.32 - sms-hodek-planyBytu-ostatni.png;FOTO_DUKAZ;;.png;990431;;popsat kdo/kdy/kde/co dokazuje
D003;2026-05-29 14:04;;;cedulka-na-fasade-domu-firma-webovky-fake.png;fotky/cedulka-na-fasade-domu-firma-webovky-fake.png;FOTO_DUKAZ;;.png;11156162;;popsat kdo/kdy/kde/co dokazuje
D004;2026-04-08 10:03;;;cedulka-na-fasade-domu-rent-to-rest-Husarkovi.jpg;fotky/cedulka-na-fasade-domu-rent-to-rest-Husarkovi.jpg;FOTO_DUKAZ;;.jpg;508980;;popsat kdo/kdy/kde/co dokazuje
D005;2026-04-08 10:03;;;cihly-na-strisce-balkonu.jpg;fotky/cihly-na-strisce-balkonu.jpg;OPRAVY_TECHNICKY_STAV;;.jpg;189271;;popsat kdo/kdy/kde/co dokazuje
D006;2026-09-23 02:06;;;martinec_pes.png;fotky/martinec_pes.png;FOTO_DUKAZ;;.png;229469;;popsat kdo/kdy/kde/co dokazuje
D007;2026-04-08 10:03;;;nase-ulice.jpg;fotky/nase-ulice.jpg;FOTO_DUKAZ;;.jpg;546559;;popsat kdo/kdy/kde/co dokazuje
D008;2025-12-03 12:37;;;odeslane-datove-zpravy.png;fotky/odeslane-datove-zpravy.png;FOTO_DUKAZ;;.png;439634;;popsat kdo/kdy/kde/co dokazuje
D009;2026-04-08 10:03;;;piskoviste-spalene-znicene.jpg;fotky/piskoviste-spalene-znicene.jpg;FOTO_DUKAZ;;.jpg;541363;;popsat kdo/kdy/kde/co dokazuje
D010;2025-12-04 14:33;;;src 2025-12-04 14.33.40-datovka-vyzva-k-predani-planu-bytu.png;fotky/src 2025-12-04 14.33.40-datovka-vyzva-k-predani-planu-bytu.png;FOTO_DUKAZ;;.png;94880;;popsat kdo/kdy/kde/co dokazuje
D011;2026-04-08 10:03;;;stav-zahrady-stary-valec-naplney-kameny-od-pana-V-Hodka-nelze-odstranit.jpg;fotky/stav-zahrady-stary-valec-naplney-kameny-od-pana-V-Hodka-nelze-odstranit.jpg;FOTO_DUKAZ;;.jpg;758284;;popsat kdo/kdy/kde/co dokazuje
D012;2026-04-08 10:03;;;svevolne-ukladani-vetvi-bez-konceptu.jpg;fotky/svevolne-ukladani-vetvi-bez-konceptu.jpg;FOTO_DUKAZ;;.jpg;472434;;popsat kdo/kdy/kde/co dokazuje
D013;2026-09-26 22:26;;;2026-07-21-Vyluka-Studene-Vody.pages;ohlaseni-vyluky/2026-07-21-Vyluka-Studene-Vody.pages;OBECNE_SVJ;;.pages;211972;;export PDF/DOCX
D014;2026-03-24 14:39;;;Odstoupeni z SVJ - Ullmann Petr.pages.pdf;ohlaseni-vyluky/Odstoupeni z SVJ - Ullmann Petr.pages.pdf;OBECNE_SVJ;;.pdf;62885;;
D015;2026-05-29 17:34;;;Oznámení o neplatnosti schůze SVJ, anulace hlasování a návrh na svolání nové schůze.pdf;ohlaseni-vyluky/Oznámení o neplatnosti schůze SVJ, anulace hlasování a návrh na svolání nové schůze.pdf;OBECNE_SVJ;;.pdf;147475;;
D016;2026-05-25 11:29;;;Plná moc Ullmann a Panuska.docx;ohlaseni-vyluky/Plná moc Ullmann a Panuska.docx;OBECNE_SVJ;;.docx;21527;;
D017;2026-05-11 09:08;;;Schuze-SVJ-2026-05-16.pdf;schuze/Schuze-SVJ-2026-05-16.pdf;SCHUZE_HLASOVANI;;.pdf;758111;;
D018;2026-09-24 19:30;;;Svj-schuze-2026-09-24.m4a;schuze/Svj-schuze-2026-09-24.m4a;SCHUZE_HLASOVANI;;.m4a;90402635;;přepis s časovými značkami
D019;2026-09-23 15:18;;;Stanovy-SVJ-2026-digitalniVerze-sKomentari-Panuska.pdf;stanovy/Stanovy-SVJ-2026-digitalniVerze-sKomentari-Panuska.pdf;STANOVY_ROZHODOVANI;;.pdf;4398116;;
D020;2026-05-11 09:21;;;Stanovy-SVJ-2026-puvodni.pdf;stanovy/Stanovy-SVJ-2026-puvodni.pdf;STANOVY_ROZHODOVANI;;.pdf;12212731;;
D021;2026-09-08 12:00;;;Stanovy-SVJ-2026-scan.pdf;stanovy/Stanovy-SVJ-2026-scan.pdf;STANOVY_ROZHODOVANI;;.pdf;13322309;;
D022;2026-09-22 20:20;;;analyza-stanov.md;stanovy/analyza-stanov.md;STANOVY_ROZHODOVANI;;.md;5471;;
D023;2026-09-27 00:20;;;Hodek 10 bodu.pages;stiznosti/Hodek 10 bodu.pages;OBECNE_SVJ;;.pages;383350;;export PDF/DOCX
D024;2025-12-03 12:36;;;Datové schránky - vyzva k podani informaci k opravam.pdf;stiznosti/balkony/Datové schránky - vyzva k podani informaci k opravam.pdf;OPRAVY_TECHNICKY_STAV;;.pdf;192126;;
D025;2025-12-03 12:33;;;Datové schránky - odstrani ciziho sro.pdf;stiznosti/cedulka-na-fasade/Datové schránky - odstrani ciziho sro.pdf;OBECNE_SVJ;;.pdf;192345;;
D026;2025-12-07 11:20;;;Ceny-energii-analyza-za-rok-2024-2025.md;stiznosti/energie/Ceny-energii-analyza-za-rok-2024-2025.md;FINANCE_VYUCTOVANI_ZALOHY_PREPLATKY;;.md;3450;;
D027;2025-12-07 11:21;;;Ceny-energii-vyzva-k-Doložení záloh pro SVJ.md;stiznosti/energie/Ceny-energii-vyzva-k-Doložení záloh pro SVJ.md;FINANCE_VYUCTOVANI_ZALOHY_PREPLATKY;;.md;1320;;
D028;2025-07-21 15:06;;;Vyzva-k-vraceni-preplatku-za-energie.pdf;stiznosti/energie/Vyzva-k-vraceni-preplatku-za-energie.pdf;FINANCE_VYUCTOVANI_ZALOHY_PREPLATKY;;.pdf;74230;;
D029;2026-09-27 00:33;;;Zaloba - Hodek.pages;stiznosti/energie/Zaloba - Hodek.pages;FINANCE_VYUCTOVANI_ZALOHY_PREPLATKY;;.pages;282364;;export PDF/DOCX
D030;2025-12-03 12:19;;;priloha_1614775797_0_Textová zpráva-zdrazovani-energii.PDF;stiznosti/energie/priloha_1614775797_0_Textová zpráva-zdrazovani-energii.PDF;FINANCE_VYUCTOVANI_ZALOHY_PREPLATKY;;.pdf;14425;;
D031;2023-10-23 18:18;;;2023-10-23-hotovostni-fond-naklady.md;stiznosti/fond-oprav-hotovostni/2023-10-23-hotovostni-fond-naklady.md;FOND_OPRAV;;.md;240;;
D032;2025-05-29 08:38;;;Potvrzeni-Prispevek-do-fondu-oprav.pages;stiznosti/fond-oprav-hotovostni/Potvrzeni-Prispevek-do-fondu-oprav.pages;FOND_OPRAV;;.pages;178146;;export PDF/DOCX
D033;2025-11-17 10:45;;;fond-oprav-analyza.md;stiznosti/fond-oprav-hotovostni/fond-oprav-analyza.md;FOND_OPRAV;;.md;17283;;
D034;2025-11-17 10:46;;;fond-oprav-stiznost.md;stiznosti/fond-oprav-hotovostni/fond-oprav-stiznost.md;FOND_OPRAV;;.md;2637;;
D035;2025-12-03 12:19;;;priloha_1614793986_0_Textová zpráva-vyzva-ke-zruseni-hotovostniho-fondu.PDF;stiznosti/fond-oprav-hotovostni/priloha_1614793986_0_Textová zpráva-vyzva-ke-zruseni-hotovostniho-fondu.PDF;FOND_OPRAV;;.pdf;15961;;
D036;2025-12-03 12:49;;;priloha_1614820561_0_Textová zpráva-vyzva-k-zprostredkovani-chybejicich-klicu-od-domu.PDF;stiznosti/klice/priloha_1614820561_0_Textová zpráva-vyzva-k-zprostredkovani-chybejicich-klicu-od-domu.PDF;OBECNE_SVJ;;.pdf;14850;;
D037;2026-04-09 11:10;;;kotel-analyza.md;stiznosti/kotelna/kotel-analyza.md;OPRAVY_TECHNICKY_STAV;;.md;11133;;
D038;2025-07-21 11:16;;;Žádost o vrácení odpadkového koše a osobních věcí.pages;stiznosti/odpadkovy-kos/Žádost o vrácení odpadkového koše a osobních věcí.pages;OBECNE_SVJ;;.pages;183342;;export PDF/DOCX
D039;2026-09-23 02:10;;;martinec-pes-vmesovani.md;stiznosti/pes/martinec-pes-vmesovani.md;OBECNE_SVJ;;.md;1146;;
D040;2025-12-03 12:49;;;Datové schránky - plany bytu.pdf;stiznosti/plany-bytu/Datové schránky - plany bytu.pdf;OBECNE_SVJ;;.pdf;192546;;
D041;2025-07-21 15:09;;;Datové schránky - vyzva k vraceni preplatku.pdf;stiznosti/preplatky/Datové schránky - vyzva k vraceni preplatku.pdf;FINANCE_VYUCTOVANI_ZALOHY_PREPLATKY;;.pdf;175251;;
D042;2025-11-27 23:13;;;Stanovisko k pravomoci SVJ ve věci přeplatku záloh.pages;stiznosti/preplatky/Stanovisko k pravomoci SVJ ve věci přeplatku záloh.pages;FINANCE_VYUCTOVANI_ZALOHY_PREPLATKY;;.pages;765791;;export PDF/DOCX
D043;2025-12-03 12:19;;;priloha_1614791652_0_Textová zpráva-vyzva-k-vrace-preplatku-za-energie.PDF;stiznosti/preplatky/priloha_1614791652_0_Textová zpráva-vyzva-k-vrace-preplatku-za-energie.PDF;FINANCE_VYUCTOVANI_ZALOHY_PREPLATKY;;.pdf;15406;;
D044;2025-05-23 16:16;;;zadrzovani-preplatku-Navrh zmeny stanov.pages;stiznosti/preplatky/zadrzovani-preplatku-Navrh zmeny stanov.pages;FINANCE_VYUCTOVANI_ZALOHY_PREPLATKY;;.pages;289352;;export PDF/DOCX
D045;2025-11-17 10:51;;;zadrzovani-preplatku-pravnik.md;stiznosti/preplatky/zadrzovani-preplatku-pravnik.md;FINANCE_VYUCTOVANI_ZALOHY_PREPLATKY;;.md;5923;;
D046;2026-09-26 23:50;;;prestupky-SVJ.txt;stiznosti/prestupky-SVJ.txt;OBECNE_SVJ;;.txt;4759;;
D047;2025-12-03 11:59;;;2025 - Navyseni Zaloh Datovka podani vysvetleni od SVJ.pdf;stiznosti/svj-fungovani/2025 - Navyseni Zaloh Datovka podani vysvetleni od SVJ.pdf;FINANCE_VYUCTOVANI_ZALOHY_PREPLATKY;;.pdf;193136;;
D048;2025-07-21 15:11;;;Datové schránky - stiznost na V Hodka.pdf;stiznosti/svj-fungovani/Datové schránky - stiznost na V Hodka.pdf;OBECNE_SVJ;;.pdf;174284;;
D049;2026-05-29 16:53;;;Datové schránky-oznameni o neplatnosti schůze.pdf;stiznosti/svj-fungovani/Datové schránky-oznameni o neplatnosti schůze.pdf;OBECNE_SVJ;;.pdf;175862;;
D050;2025-05-23 10:40;;;Doporucena-pravidla-pro-SVJ.pages;stiznosti/svj-fungovani/Doporucena-pravidla-pro-SVJ.pages;OBECNE_SVJ;;.pages;226973;;export PDF/DOCX
D051;2025-05-23 10:40;;;Jaký může být minimální počet členů SVJ.pages;stiznosti/svj-fungovani/Jaký může být minimální počet členů SVJ.pages;OBECNE_SVJ;;.pages;260596;;export PDF/DOCX
D052;2026-09-26 22:37;;;Oznámení o neplatnosti schůze SVJ, anulace hlasování a návrh na svolání nové schůze.pdf;stiznosti/svj-fungovani/Oznámení o neplatnosti schůze SVJ, anulace hlasování a návrh na svolání nové schůze.pdf;OBECNE_SVJ;;.pdf;93039;;
D053;2026-09-26 22:38;;;Pavel Hodek je předsedou výboru SVJ od 26.pdf;stiznosti/svj-fungovani/Pavel Hodek je předsedou výboru SVJ od 26.pdf;OBECNE_SVJ;;.pdf;102246;;
D054;2026-04-16 17:10;;;SVJ oficialni stiznost na chuzi.pages;stiznosti/svj-fungovani/SVJ oficialni stiznost na chuzi.pages;OBECNE_SVJ;;.pages;239734;;export PDF/DOCX
D055;2025-05-23 16:06;;;Sniznost a navrh na kontrolni mechanismus SVJ.pages;stiznosti/svj-fungovani/Sniznost a navrh na kontrolni mechanismus SVJ.pages;OBECNE_SVJ;;.pages;263603;;export PDF/DOCX
D056;2026-04-17 08:34;;;Stiznost na SVJ pro vlastniky.pages;stiznosti/svj-fungovani/Stiznost na SVJ pro vlastniky.pages;OBECNE_SVJ;;.pages;213466;;export PDF/DOCX
D057;2026-03-06 14:54;;;Stiznost-na-jednani-SVJ.md;stiznosti/svj-fungovani/Stiznost-na-jednani-SVJ.md;OBECNE_SVJ;;.md;29473;;
D058;2025-07-21 15:19;;;Stížnost na činnost Václava Hodka v rámci SVJ.pdf;stiznosti/svj-fungovani/Stížnost na činnost Václava Hodka v rámci SVJ.pdf;OBECNE_SVJ;;.pdf;208333;;
D059;2025-05-23 10:18;;;Vyzva-k-naprave-jednani-SVJ.pdf;stiznosti/svj-fungovani/Vyzva-k-naprave-jednani-SVJ.pdf;OBECNE_SVJ;;.pdf;26757;;
D060;2026-05-26 16:13;;;Výzva-k-naprave-postupu-SVJ-Panuska.pdf;stiznosti/svj-fungovani/Výzva-k-naprave-postupu-SVJ-Panuska.pdf;OBECNE_SVJ;;.pdf;306039;;
D061;2026-03-10 13:51;;;priloha_1661997378_0_Textová zpráva-ohlaseni-o-odstoupeni-z-vedeni-SVJ-Petr-Ullmann.PDF;stiznosti/svj-fungovani/priloha_1661997378_0_Textová zpráva-ohlaseni-o-odstoupeni-z-vedeni-SVJ-Petr-Ullmann.PDF;OBECNE_SVJ;;.pdf;14479;;
D062;2025-12-03 20:58;;;Voda-unik-Husarek-nejasne-obdobi.md;stiznosti/voda/Voda-unik-Husarek-nejasne-obdobi.md;OPRAVY_TECHNICKY_STAV;;.md;14674;;
D063;2026-09-27 00:29;;;vyhrozovani-PavlemHodkem.txt;stiznosti/vyhrozovani-pavlem-hodkem/vyhrozovani-PavlemHodkem.txt;OBECNE_SVJ;;.txt;1070;;
D064;2026-09-22 20:48;;;prestupky-SVJ.txt;stiznosti/zastupovani-predsedy-svj-otcem/prestupky-SVJ.txt;OBECNE_SVJ;;.txt;612;;
D065;2026-05-29 17:36;;;Datové schránky.pdf;svj/Datové schránky.pdf;OBECNE_SVJ;;.pdf;176995;;
D066;2025-11-18 00:54;;;Info k SVJ.md;svj/Info k SVJ.md;OBECNE_SVJ;;.md;835;;
D067;2026-03-24 13:57;;;00004341 00401C_2024T TEPLO.pdf;svj/SVJ-ve-2-identickem-dome-vyuctovani/vyuctovani-2024/00004341 00401C_2024T TEPLO.pdf;SROVNANI_VEDLEJSI_IDENTICKY_DUM;;.pdf;296350;"Srovnávací podklad z konstrukčně identického vedlejšího domu; ověřit srovnatelnost ploch, počtu jednotek, zdroje tepla, metodiky rozúčtování a období.";
D068;2026-03-24 13:57;;;00004341 00401C_2024V VODA.pdf;svj/SVJ-ve-2-identickem-dome-vyuctovani/vyuctovani-2024/00004341 00401C_2024V VODA.pdf;SROVNANI_VEDLEJSI_IDENTICKY_DUM;;.pdf;129451;"Srovnávací podklad z konstrukčně identického vedlejšího domu; ověřit srovnatelnost ploch, počtu jednotek, zdroje tepla, metodiky rozúčtování a období.";
D069;2026-03-24 13:57;;;06-04-2025 20-06-56 GARÁŽ .pdf;svj/SVJ-ve-2-identickem-dome-vyuctovani/vyuctovani-2024/06-04-2025 20-06-56 GARÁŽ .pdf;SROVNANI_VEDLEJSI_IDENTICKY_DUM;;.pdf;157219;"Srovnávací podklad z konstrukčně identického vedlejšího domu; ověřit srovnatelnost ploch, počtu jednotek, zdroje tepla, metodiky rozúčtování a období.";
D070;2026-03-24 13:56;;;06-04-2025 20-07-23 SLUŽBY .pdf;svj/SVJ-ve-2-identickem-dome-vyuctovani/vyuctovani-2024/06-04-2025 20-07-23 SLUŽBY .pdf;SROVNANI_VEDLEJSI_IDENTICKY_DUM;;.pdf;158034;"Srovnávací podklad z konstrukčně identického vedlejšího domu; ověřit srovnatelnost ploch, počtu jednotek, zdroje tepla, metodiky rozúčtování a období.";
D071;2026-04-08 10:33;;;Scan.pdf;svj/SVJ-ve-2-identickem-dome-vyuctovani/vyuctovani-2025/Scan.pdf;SROVNANI_VEDLEJSI_IDENTICKY_DUM;;.pdf;5674883;"Srovnávací podklad z konstrukčně identického vedlejšího domu; ověřit srovnatelnost ploch, počtu jednotek, zdroje tepla, metodiky rozúčtování a období.";
D072;2026-01-10 09:12;;;StavebniUrad-ProhlaseniVlastnika.pdf;svj/StavebniUrad-ProhlaseniVlastnika.pdf;OBECNE_SVJ;;.pdf;324281;;OCR
